<?xml version="1.0"	encoding="UTF-8"?>
<beans xmlns="http://www.springframework.org/schema/beans"
	xmlns:security="http://www.springframework.org/schema/security"
	xmlns:xsi="http://www.w3.org/2001/XMLSchema-instance"
	xsi:schemaLocation="http://www.springframework.org/schema/beans	http://www.springframework.org/schema/beans/spring-beans-3.0.xsd
			http://www.springframework.org/schema/security http://www.springframework.org/schema/security/spring-security-3.0.xsd">

	<security:http entry-point-ref="casProcessingFilterEntryPoint" use-expressions="true">
        <security:intercept-url	pattern="/statistic/**" access="permitAll" />
		<security:intercept-url	pattern="/errors/**" access="permitAll" />
		<security:intercept-url	pattern="/system/mock" access="permitAll" />
		<security:intercept-url	pattern="/system/datasets/reload" access="permitAll" />
        <security:intercept-url	pattern="/system/monitor" access="permitAll" />
        <security:intercept-url	pattern="/api/**" access="permitAll" />
		<security:intercept-url	pattern="/**" access="hasRole('ROLE_USER')" />
		<security:logout logout-success-url="${sso.cas.url.prefix}/logout?service=${host.server.url.prefix}"/>
		<security:custom-filter	ref="casAuthenticationFilter" after="CAS_FILTER"/>
	</security:http>

	<security:authentication-manager alias="authenticationManager">
		<security:authentication-provider ref="casAuthenticationProvider"/>
	</security:authentication-manager>

    <bean id="casAuthenticationFilter" class="com.baidu.project.filter.SparkCasAuthenticationFilter">
		<property name="authenticationManager" ref="authenticationManager"/>
		<property name="authenticationFailureHandler">
			<bean class="org.springframework.security.web.authentication.SimpleUrlAuthenticationFailureHandler">
				<property name="defaultFailureUrl" value="/errors/403"/>
			</bean>
		</property>
		<property name="authenticationSuccessHandler">
			<bean class="org.springframework.security.web.authentication.SavedRequestAwareAuthenticationSuccessHandler">
				<property name="defaultTargetUrl" value="/"/>
			</bean>
		</property>
		<property name="proxyGrantingTicketStorage"	ref="proxyGrantingTicketStorage" />
		<property name="proxyReceptorUrl" value="/secure/receptor" />
	</bean>

	<bean id="casProcessingFilterEntryPoint" class="org.springframework.security.cas.web.CasAuthenticationEntryPoint">
		<property name="loginUrl" value="${sso.cas.url.prefix}/login"/>
		<property name="serviceProperties" ref="serviceProperties"/>
	</bean>

	<bean id="casAuthenticationProvider" class="org.springframework.security.cas.authentication.CasAuthenticationProvider">
		<property name="userDetailsService"	ref="userDetailsService"/>
		<property name="serviceProperties" ref="serviceProperties" />
		<property name="ticketValidator">
			<bean class="org.jasig.cas.client.validation.Cas20ServiceTicketValidator">
				<constructor-arg index="0" value="${sso.cas.url.prefix}" />
				<property name="proxyGrantingTicketStorage"	ref="proxyGrantingTicketStorage" />
				<property name="proxyCallbackUrl" value="${host.server.url.prefix}/secure/receptor" />
			</bean>
		</property>
		<property name="key" value="d61jeu28kdn29103j4h3g4"/>
	</bean>

	<bean id="proxyGrantingTicketStorage" class="org.jasig.cas.client.proxy.ProxyGrantingTicketStorageImpl"	/>

	<bean id="serviceProperties" class="org.springframework.security.cas.ServiceProperties">
		<property name="service" value="${host.server.url.prefix}/j_spring_cas_security_check"/>
		<property name="sendRenew" value="false"/>
	</bean>

	<bean id="userDetailsService" class="com.baidu.project.service.impl.UserDetailsServiceImpl"/>
</beans>
