<?xml version="1.0" encoding="UTF-8"?>
<beans xmlns="http://www.springframework.org/schema/beans" 
	   xmlns:xsi="http://www.w3.org/2001/XMLSchema-instance"
	   xmlns:context="http://www.springframework.org/schema/context"
	   xmlns:util="http://www.springframework.org/schema/util" 
	   xsi:schemaLocation="http://www.springframework.org/schema/beans http://www.springframework.org/schema/beans/spring-beans-2.5.xsd 
		   http://www.springframework.org/schema/context http://www.springframework.org/schema/context/spring-context-2.5.xsd
		   http://www.springframework.org/schema/util http://www.springframework.org/schema/util/spring-util-2.0.xsd"
	   default-autowire="byType" default-lazy-init="true">

	<util:properties id="properties" location="classpath:base.properties" />
	
	
	<context:property-placeholder location="classpath:base*.properties" />
	
	
	<bean id="applicationContextHolder" class="com.baidu.project.util.ApplicationContextHolder" scope="singleton" lazy-init="false" />
	
	<!-- json工具的工厂 -->
	<bean id="jacksonObjectMapper" class="com.baidu.project.util.json.JsonObjectMapperFactory" />
	
	<!-- 邮件发送配置 -->
    <bean id="javaMailSender" class="org.springframework.mail.javamail.JavaMailSenderImpl">
        <property name="host" value="${mail.smtp.host}" />
        <property name="username" value="${mail.smtp.username}" />
        <property name="password" value="${mail.smtp.password}" />
        <property name="javaMailProperties">
            <props>
                <prop key="mail.smtp.auth">${mail.smtp.authenticate}</prop>
            </props>
        </property>
    </bean>
	
	<!-- 导入其他配置文件 -->
	<import resource="applicationContext-dao.xml" />
	<import resource="applicationContext-security.xml" />
	<import resource="applicationContext-security-acl.xml" />
</beans>