<?xml version="1.0" encoding="UTF-8"?>
<beans xmlns="http://www.springframework.org/schema/beans" xmlns:xsi="http://www.w3.org/2001/XMLSchema-instance"
		xmlns:context="http://www.springframework.org/schema/context"
		xmlns:mvc="http://www.springframework.org/schema/mvc"
		xmlns:util="http://www.springframework.org/schema/util"
		xsi:schemaLocation="http://www.springframework.org/schema/beans http://www.springframework.org/schema/beans/spring-beans-3.0.xsd
				http://www.springframework.org/schema/context http://www.springframework.org/schema/context/spring-context-2.5.xsd
				http://www.springframework.org/schema/mvc http://www.springframework.org/schema/mvc/spring-mvc-3.0.xsd
				http://www.springframework.org/schema/util http://www.springframework.org/schema/util/spring-util-2.0.xsd">

	<context:component-scan base-package="com.baidu.spark.**.web"/>
	
	<!-- 替换mvc:annotation-driven配置 -->
	<bean class="org.springframework.web.servlet.mvc.annotation.DefaultAnnotationHandlerMapping" />
	<bean class="org.springframework.web.servlet.mvc.annotation.AnnotationMethodHandlerAdapter">
		<property name="messageConverters">
			<util:list id="beanList">
				<ref bean="stringHttpMessageConverter"/>
				<ref bean="jacksonHttpMessageConverter"/>
			</util:list>
		</property>
		<property name="webBindingInitializer">
			<bean class="org.springframework.web.bind.support.ConfigurableWebBindingInitializer">
				<property name="validator" ref="validator" />
			</bean>
		</property>
	</bean>
	
	<bean id="stringHttpMessageConverter" class="org.springframework.http.converter.StringHttpMessageConverter" />
	<bean id="jacksonHttpMessageConverter" class="org.springframework.http.converter.json.MappingJacksonHttpMessageConverter">
		<property name="objectMapper" ref="jacksonObjectMapper" />
	</bean>
	
	<!-- automatically detected JSR-303 validator provider from classpath-->
	<bean id="validator" class="org.springframework.validation.beanvalidation.LocalValidatorFactoryBean" />
	
	<!-- view-controller -->
	<mvc:view-controller path="/" view-name="index"/>
	
	<bean id="viewNameTranslator" class="org.springframework.web.servlet.view.DefaultRequestToViewNameTranslator" />

	<bean class="org.springframework.web.servlet.view.InternalResourceViewResolver">
		<property name="prefix" value="/WEB-INF/jsp/" />
		<property name="suffix" value=".jsp" />
	</bean>

	<!-- i18n -->
	<bean id="messageSource" class="com.baidu.project.util.CustomResourceBundleMessageSource">
		<property name="basename" value="messages" />
		<property name="useCodeAsDefaultMessage" value="true" />
	</bean>
	
	<bean id="localeResolver" class="com.baidu.project.util.CustomCookieLocaleResolver">
		<property name="cookieName" value="clientlanguage" />
		<property name="cookieMaxAge" value="86400" />
	</bean>
	
	<!-- Static Message Holder -->
	<bean id="messageHolder" class="com.baidu.project.util.MessageHolder" scope="singleton" lazy-init="false">
		<property name="messageSource" ref="messageSource" />
	</bean>
	
	<!-- Spring Exception Handler -->   
    <bean id="exceptionResolver" class="com.baidu.project.util.MappingExceptionResolver">   
        <property name="defaultErrorView" value="errors/500" />   
        <property name="exceptionMappings">   
           <props>
                <prop key="com.baidu.exception.UnhandledViewException">errors/unhandledView</prop>
                <prop key="org.springframework.security.access.AccessDeniedException">errors/403</prop>
                <prop key="java.lang.Exception">errors/500</prop>
            </props>   
        </property>  
        <property name="statusCodes">   
           <props>
                <prop key="errors/403">403</prop>
            </props>   
        </property>  
    </bean>   
    
	<bean id="multipartResolver" class="org.springframework.web.multipart.commons.CommonsMultipartResolver">
		<!-- 该属性用来配置可上传文件的最大 byte 数 -->
	</bean>

</beans>
